src,tgt,dist,src_lab,tgt_lab,isnbr,src_lab_,tgt_lab_,wts
1,303,72.60142558359937,31109,31055,FALSE,31055,31109,1
1,713,92.04451400661253,31109,31177,FALSE,31109,31177,1
2,118,45.24765487345868,46099,46087,FALSE,46087,46099,1
2,396,145.02483855422793,46099,46005,FALSE,46005,46099,1
3,863,34.55848380988943,39063,39175,FALSE,39063,39175,1
3,776,40.18987558232985,39063,39173,FALSE,39063,39173,1
4,345,50.813206283080184,48189,48303,FALSE,48189,48303,1
4,743,65.41242187719891,48189,48069,FALSE,48069,48189,1
5,632,25.413165841758012,39003,39011,FALSE,39003,39011,1
5,3,44.89089210536884,39003,39063,TRUE,39003,39063,1
6,807,49.71181199643807,55111,55021,FALSE,55021,55111,1
6,830,57.78843318195177,55111,55057,FALSE,55057,55111,1
7,646,31.06650836043793,39085,39055,FALSE,39055,39085,1
7,358,40.056081422776224,39085,39007,FALSE,39007,39085,1
8,20,38.02034450403152,47065,47115,FALSE,47065,47115,1
8,97,78.62108283484119,47065,13129,FALSE,13129,47065,1
9,810,83.51725975191749,01091,28075,FALSE,01091,28075,1
9,243,83.5866013320282,01091,01099,FALSE,01091,01099,1
10,798,35.751474137326966,51095,51199,FALSE,51095,51199,1
10,411,35.75593914028461,51095,51700,FALSE,51095,51700,1
11,844,46.22837576002671,22019,22011,FALSE,22011,22019,1
11,163,52.231267822937234,22019,22053,FALSE,22019,22053,1
12,692,44.05663792842372,22111,22073,FALSE,22073,22111,1
12,414,53.761901826612466,22111,22067,FALSE,22067,22111,1
13,495,49.91000333606816,40135,40021,FALSE,40021,40135,1
13,101,58.68657370120636,40135,40101,FALSE,40101,40135,1
14,46,52.76463977217671,36101,36003,FALSE,36003,36101,1
14,31,56.583118984710694,36101,42117,FALSE,36101,42117,1
15,755,36.7409573582191,22105,22063,FALSE,22063,22105,1
15,514,42.94171097098931,22105,22117,FALSE,22105,22117,1
16,440,49.5606467860191,18073,18149,FALSE,18073,18149,1
16,314,63.67689310686646,18073,17091,FALSE,17091,18073,1
17,742,31.04119069456347,18151,26023,FALSE,18151,26023,1
17,365,35.35246553920583,18151,18087,FALSE,18087,18151,1
18,264,22.71930546142469,25015,25013,FALSE,25013,25015,1
18,279,45.68081407930553,25015,25003,FALSE,25003,25015,1
19,834,22.884724538898265,25025,25021,FALSE,25021,25025,1
19,756,36.08221791667119,25025,25009,FALSE,25009,25025,1
20,754,43.788262874926204,47115,47051,FALSE,47051,47115,1
21,271,27.412192527232676,12053,12101,FALSE,12053,12101,1
21,100,33.42066055371105,12053,12017,FALSE,12017,12053,1
22,482,54.03168858663104,12129,12065,FALSE,12065,12129,1
22,731,95.73737782428795,12129,13275,FALSE,12129,13275,1
23,413,33.69740485561177,28017,28115,FALSE,28017,28115,1
23,373,42.951606584706894,28017,28095,FALSE,28017,28095,1
24,286,40.989791785797806,12127,12117,FALSE,12117,12127,1
24,431,47.927336930634674,12127,12035,FALSE,12035,12127,1
25,461,51.6273479525211,40017,40109,FALSE,40017,40109,1
25,472,70.35733459371615,40017,40027,FALSE,40017,40027,1
26,235,34.60473837940811,13115,13015,FALSE,13015,13115,1
26,97,41.47859129731944,13115,13129,FALSE,13115,13129,1
27,329,35.16966145501488,50011,50015,FALSE,50011,50015,1
27,734,45.776642177851954,50011,50007,FALSE,50007,50011,1
28,577,74.78792923646171,26103,26043,FALSE,26043,26103,1
28,812,108.23325227603618,26103,26041,FALSE,26041,26103,1
29,312,32.818190326482316,09007,09009,FALSE,09007,09009,1
29,183,34.795645808285435,09007,09011,FALSE,09007,09011,1
30,121,33.15284735723789,37057,37159,FALSE,37057,37159,1
30,631,33.71255931962705,37057,37059,FALSE,37057,37059,1
31,46,83.0428655054388,42117,36003,FALSE,36003,42117,1
32,652,27.06386923349844,39017,39061,FALSE,39017,39061,1
32,360,33.9367940026589,39017,39135,FALSE,39017,39135,1
33,211,19.32747989225664,13063,13113,FALSE,13063,13113,1
33,332,21.186236700497616,13063,13151,FALSE,13063,13151,1
34,726,28.13639239281264,42043,42075,FALSE,42043,42075,1
34,123,40.14258500729785,42043,42099,FALSE,42043,42099,1
35,413,29.358603635086652,28145,28115,FALSE,28115,28145,1
35,706,36.63693256379313,28145,28081,FALSE,28081,28145,1
36,823,28.780404606031105,39133,39153,FALSE,39133,39153,1
36,646,36.785569533148454,39133,39055,FALSE,39055,39133,1
37,189,41.59674468662339,41005,41047,FALSE,41005,41047,1
37,77,46.42649035778187,41005,41051,FALSE,41005,41051,1
38,800,34.529430322046814,18069,18183,FALSE,18069,18183,1
38,430,37.60703251301746,18069,18053,FALSE,18053,18069,1
39,800,36.36984310173985,18003,18183,FALSE,18003,18183,1
39,818,40.14521689473799,18003,18001,FALSE,18001,18003,1
40,216,53.596455062623086,17113,17053,FALSE,17053,17113,1
40,502,56.814817979079514,17113,17179,FALSE,17113,17179,1
41,605,126.4980388295698,32003,04015,FALSE,04015,32003,1
41,300,184.21855614490502,32003,06071,FALSE,06071,32003,1
42,336,34.97259949860436,42127,42069,FALSE,42069,42127,1
42,473,44.02188076945707,42127,36105,FALSE,36105,42127,1
43,291,40.772321296853946,36091,36115,FALSE,36091,36115,1
43,234,49.942675517568006,36091,36113,FALSE,36091,36113,1
44,141,50.185179589726005,48041,48477,FALSE,48041,48477,1
44,851,86.33133663438579,48041,48339,FALSE,48041,48339,1
45,848,52.479380442489656,53041,53067,FALSE,53041,53067,1
45,828,55.11768977913589,53041,53053,FALSE,53041,53053,1
46,668,53.090146451313885,36003,36121,FALSE,36003,36121,1
47,843,32.51737192392526,18117,18093,FALSE,18093,18117,1
47,664,53.66597816682943,18117,18027,FALSE,18027,18117,1
48,552,22.454861491467515,13089,13121,FALSE,13089,13121,1
48,489,22.71548109413378,13089,13247,FALSE,13089,13247,1
49,732,23.66280332865021,13227,13057,FALSE,13057,13227,1
49,347,29.117663102905336,13227,13085,FALSE,13085,13227,1
50,797,29.853830928266767,37069,37127,FALSE,37069,37127,1
50,65,53.82801542732223,37069,37063,FALSE,37063,37069,1
51,277,34.55970302435845,24510,24003,FALSE,24003,24510,1
51,541,37.53770841911273,24510,24025,FALSE,24025,24510,1
52,599,57.859272822911,48245,48199,FALSE,48199,48245,1
52,11,86.86584514675602,48245,22019,FALSE,22019,48245,1
53,441,45.341213353594085,48027,48491,FALSE,48027,48491,1
53,74,62.31258541909422,48027,48309,FALSE,48027,48309,1
54,707,50.596731108435684,36075,36067,FALSE,36067,36075,1
54,204,58.41222166046711,36075,36011,FALSE,36011,36075,1
55,140,48.49511023757013,36111,36027,FALSE,36027,36111,1
55,473,48.95522459763593,36111,36105,FALSE,36105,36111,1
56,342,59.13944340587987,48215,48489,FALSE,48215,48489,1
56,850,77.24303422545199,48215,48061,FALSE,48061,48215,1
57,286,27.025792272273822,12095,12117,FALSE,12095,12117,1
57,236,47.034132183001084,12095,12069,FALSE,12069,12095,1
58,222,26.967486617448763,13045,13143,FALSE,13045,13143,1
58,398,31.871600869590388,13045,13097,FALSE,13045,13097,1
59,274,28.82549949675039,18173,18163,FALSE,18163,18173,1
59,331,43.816820335162184,18173,21059,FALSE,18173,21059,1
60,589,62.46709346839246,21001,21199,FALSE,21001,21199,1
60,280,89.93720174259222,21001,47111,FALSE,21001,47111,1
61,643,40.79983950003655,23023,23005,FALSE,23005,23023,1
61,449,55.96706775572708,23023,23011,FALSE,23011,23023,1
62,458,26.235492762706286,01033,01077,FALSE,01033,01077,1
62,249,63.24136172972677,01033,01093,FALSE,01033,01093,1
63,327,28.21765265676877,21017,21067,FALSE,21017,21067,1
63,220,53.38455329217707,21017,21151,FALSE,21017,21151,1
64,573,35.87993555301829,47149,47189,FALSE,47149,47189,1
64,83,36.84920039371537,47149,47003,FALSE,47003,47149,1
65,404,21.9813676467645,37063,37135,FALSE,37063,37135,1
66,486,54.145313232854214,19121,19153,FALSE,19121,19153,1
66,209,130.34428627591615,19121,19157,FALSE,19121,19157,1
67,75,50.73782575669176,12011,12099,TRUE,12011,12099,1
67,90,64.27508734733617,12011,12086,TRUE,12011,12086,1
68,406,63.357880882236564,13279,13031,FALSE,13031,13279,1
68,674,63.84575773415624,13279,13175,FALSE,13175,13279,1
69,328,57.899087123135935,26151,26147,FALSE,26147,26151,1
69,298,61.83684749832283,26151,26087,FALSE,26087,26151,1
70,720,42.971988930943006,26163,26125,FALSE,26125,26163,1
70,364,47.98167340920942,26163,26161,FALSE,26161,26163,1
71,727,49.15859915428376,28151,28133,FALSE,28133,28151,1
71,199,58.75131275527684,28151,28011,FALSE,28011,28151,1
72,722,90.4944574627698,51540,51147,FALSE,51147,51540,1
72,479,91.34466177850972,51540,51171,FALSE,51171,51540,1
73,661,50.153825998026804,16053,16083,FALSE,16053,16083,1
73,454,69.18650877869943,16053,16031,FALSE,16031,16053,1
74,621,57.603811863908284,48309,48293,FALSE,48293,48309,1
75,346,48.56719856001672,12099,12085,FALSE,12085,12099,1
76,671,31.824022427215667,47165,21213,FALSE,21213,47165,1
76,573,38.9033015059896,47165,47189,FALSE,47165,47189,1
77,865,52.97330341672777,41051,41067,FALSE,41051,41067,1
78,213,103.6675487474698,36089,36043,FALSE,36043,36089,1
78,252,112.2474225204216,36089,36019,FALSE,36019,36089,1
79,386,54.84773137542738,06067,06113,FALSE,06067,06113,1
79,284,55.745258686109544,06067,06095,FALSE,06067,06095,1
80,95,85.33007863154063,06083,06111,TRUE,06083,06111,1
80,862,101.80628154233223,06083,06079,FALSE,06079,06083,1
81,30,37.39683574996196,37151,37057,FALSE,37057,37151,1
81,450,41.07806077175396,37151,37081,FALSE,37081,37151,1
82,853,57.11423489449645,25001,25023,FALSE,25001,25023,1
82,834,98.72423716135322,25001,25021,FALSE,25001,25021,1
83,679,28.29839632645471,47003,47117,FALSE,47003,47117,1
84,662,63.75315518987305,26159,26077,FALSE,26077,26159,1
84,435,73.89588664673923,26159,18141,FALSE,18141,26159,1
85,481,37.70011758012146,21177,21107,FALSE,21107,21177,1
85,399,40.00172338816847,21177,21031,FALSE,21031,21177,1
86,460,37.08712051218777,17049,17051,FALSE,17049,17051,1
86,564,38.490675242943304,17049,17079,FALSE,17049,17079,1
87,735,179.0945914989764,15003,15009,TRUE,15003,15009,1
88,319,36.44627915251389,18157,18023,FALSE,18023,18157,1
88,459,41.5489700339298,18157,18045,FALSE,18045,18157,1
89,123,42.99017192013912,42109,42099,FALSE,42099,42109,1
89,34,44.8729289698882,42109,42043,FALSE,42043,42109,1
90,383,52.13570517987239,12086,12087,FALSE,12086,12087,1
91,170,49.32759713353015,08097,08037,FALSE,08037,08097,1
91,128,80.53622433677161,08097,08117,FALSE,08097,08117,1
92,759,28.36710960354316,18057,18095,FALSE,18057,18095,1
92,765,31.616568635525734,18057,18097,FALSE,18057,18097,1
93,255,24.862381110742636,13145,13215,FALSE,13145,13215,1
93,106,43.61211728759512,13145,01081,FALSE,01081,13145,1
94,110,23.212283284947578,13297,13013,FALSE,13013,13297,1
94,654,27.74067188173371,13297,13219,FALSE,13219,13297,1
95,96,82.06554786874831,06111,06037,TRUE,06037,06111,1
96,701,73.15417654154213,06037,06059,FALSE,06037,06059,1
97,235,30.06238434820785,13129,13015,FALSE,13015,13129,1
97,49,35.640660629322994,13129,13227,FALSE,13129,13227,1
98,188,45.49297245873303,12055,12043,FALSE,12043,12055,1
98,549,76.39433465223658,12055,12105,FALSE,12055,12105,1
99,245,96.21233732358041,04021,04019,FALSE,04019,04021,1
99,232,115.6410887521641,04021,04013,FALSE,04013,04021,1
100,272,53.372797254175254,12017,12119,FALSE,12017,12119,1
101,475,40.21087354186345,40101,40145,FALSE,40101,40145,1
101,495,47.29898406788924,40101,40021,FALSE,40021,40101,1
102,287,23.508376876350663,28073,28035,FALSE,28035,28073,1
102,197,47.63521088460522,28073,28109,FALSE,28073,28109,1
103,660,33.78577157690463,18137,18079,FALSE,18079,18137,1
103,120,38.24034372668121,18137,18047,FALSE,18047,18137,1
104,609,51.52201726869326,48157,48039,FALSE,48039,48157,1
104,361,51.816883374024094,48157,48201,FALSE,48157,48201,1
105,312,48.404751814088016,36103,09009,FALSE,09009,36103,1
105,29,56.24075665300992,36103,09007,FALSE,09007,36103,1
106,119,34.84190418612675,01081,01017,FALSE,01017,01081,1
106,377,39.978069265495414,01081,01087,FALSE,01081,01087,1
107,814,37.62444124995743,13293,13207,FALSE,13207,13293,1
107,366,55.19224152802747,13293,13225,FALSE,13225,13293,1
108,203,52.257969788176126,06097,06055,FALSE,06055,06097,1
108,186,54.97105440356,06097,06041,FALSE,06041,06097,1
109,616,88.98768837372758,26033,26047,FALSE,26033,26047,1
109,638,94.06860262833911,26033,26031,FALSE,26031,26033,1
110,777,20.70784112732792,13013,13157,FALSE,13013,13157,1
111,322,36.24558691382977,26037,26155,FALSE,26037,26155,1
111,542,39.242084408894335,26037,26067,FALSE,26037,26067,1
112,730,39.20724467502577,17135,17021,FALSE,17021,17135,1
112,460,47.04556395337233,17135,17051,FALSE,17051,17135,1
113,413,43.489118809159734,28071,28115,FALSE,28071,28115,1
113,598,43.868534900255845,28071,28107,FALSE,28071,28107,1
114,730,44.32840620313207,17115,17021,FALSE,17021,17115,1
114,493,60.96322098558187,17115,17167,FALSE,17115,17167,1
115,365,30.934678448459383,26149,18087,FALSE,18087,26149,1
115,662,37.23472261582552,26149,26077,FALSE,26077,26149,1
116,238,50.68426937109271,27109,27169,FALSE,27109,27169,1
116,424,90.914943760290015,27109,27037,FALSE,27037,27109,1
117,597,48.261774414949315,01097,28059,FALSE,01097,28059,1
117,571,80.51158957721235,01097,01129,FALSE,01097,01129,1
118,396,110.24249824028759,46087,46005,FALSE,46005,46087,1
119,550,38.31273119243238,01017,01123,FALSE,01017,01123,1
120,808,27.495704538129594,18047,18041,FALSE,18041,18047,1
121,151,28.273000280062114,37159,37025,FALSE,37025,37159,1
121,631,32.079261154607316,37159,37059,FALSE,37059,37159,1
122,570,45.24648475609059,41003,41053,FALSE,41003,41053,1
122,240,70.39619031782344,41003,41043,FALSE,41003,41043,1
123,680,25.906772945411447,42099,42041,FALSE,42041,42099,1
124,846,43.1932928365863,48203,48365,FALSE,48203,48365,1
124,504,46.00843935958984,48203,22017,FALSE,22017,48203,1
125,635,37.60551096589838,29019,29027,FALSE,29019,29027,1
125,228,54.17383876023973,29019,29051,FALSE,29019,29051,1
126,164,37.19671421967156,08059,08031,FALSE,08031,08059,1
126,757,39.378913490685306,08059,08035,FALSE,08035,08059,1
127,611,38.61276471387606,05141,05029,FALSE,05029,05141,1
127,281,41.284972621710494,05141,05023,FALSE,05023,05141,1
128,170,47.76283388219721,08117,08037,FALSE,08037,08117,1
128,126,76.57060064595117,08117,08059,FALSE,08059,08117,1
129,306,54.01895455148029,20035,40071,FALSE,20035,40071,1
129,356,58.08425747701898,20035,20191,FALSE,20035,20191,1
130,355,140.09935481509353,04017,04005,FALSE,04005,04017,1
130,595,188.4376272937547,04017,35031,FALSE,04017,35031,1
131,483,49.102914959670784,28085,28005,FALSE,28005,28085,1
131,826,59.45535354250159,28085,28065,FALSE,28065,28085,1
132,598,49.20203755050739,28143,28107,FALSE,28107,28143,1
132,400,51.08433027633283,28143,05107,FALSE,05107,28143,1
133,409,28.643539902075833,18005,18013,FALSE,18005,18013,1
133,660,32.949479821865324,18005,18079,FALSE,18005,18079,1
134,398,26.122587705131593,13223,13097,FALSE,13097,13223,1
134,685,27.118187996207176,13223,13067,FALSE,13067,13223,1
135,724,27.87558547080374,39015,39025,FALSE,39015,39025,1
135,538,54.22900942939515,39015,39027,FALSE,39015,39027,1
136,763,168.4320693352006,38101,38059,FALSE,38059,38101,1
137,492,77.89630684139507,06031,06019,FALSE,06019,06031,1
137,647,94.4944785722084,06031,06107,FALSE,06031,06107,1
138,437,106.4437241387313,06073,06065,FALSE,06065,06073,1
138,701,117.91325276896892,06073,06059,FALSE,06059,06073,1
139,510,39.9188613333248,29037,29095,FALSE,29037,29095,1
139,867,43.303861662548066,29037,29013,FALSE,29013,29037,1
140,600,42.051275082768015,36027,09005,FALSE,09005,36027,1
141,614,87.49280165081922,48477,48021,FALSE,48021,48477,1
142,768,73.99595961089886,08101,08041,FALSE,08041,08101,1
142,770,99.60649950458193,08101,08119,FALSE,08101,08119,1
143,474,35.62298715127127,37051,37085,FALSE,37051,37085,1
143,522,66.38479330242247,37051,37101,FALSE,37051,37101,1
144,588,26.517042863579196,06061,06057,FALSE,06057,06061,1
144,402,58.36651418984606,06061,06115,FALSE,06061,06115,1
145,796,48.725163552615136,36077,36025,FALSE,36025,36077,1
145,465,57.061114203287865,36077,36057,FALSE,36057,36077,1
146,825,38.57350477631154,37153,37123,FALSE,37123,37153,1
146,531,56.670686470443606,37153,37167,FALSE,37153,37167,1
147,148,44.25149056197883,45035,45015,TRUE,45015,45035,1
147,524,53.30865156719668,45035,45019,FALSE,45019,45035,1
148,524,45.295211818330166,45015,45019,FALSE,45015,45019,1
149,376,32.8575003727451,39155,39099,FALSE,39099,39155,1
149,36,38.80222700969879,39155,39133,FALSE,39133,39155,1
150,857,39.87927869217342,42019,42005,FALSE,42005,42019,1
150,714,49.651725570358636,42019,42003,FALSE,42003,42019,1
151,531,28.411700945812772,37025,37167,FALSE,37025,37167,1
152,251,37.55743908406635,49011,49057,FALSE,49011,49057,1
152,771,117.47233373406827,49011,49051,FALSE,49011,49051,1
153,498,34.41713298439921,13291,37039,FALSE,13291,37039,1
153,347,46.59390914721249,13291,13085,FALSE,13085,13291,1
154,702,36.29111556846211,18017,18067,FALSE,18017,18067,1
154,319,50.86220696808081,18017,18023,FALSE,18017,18023,1
155,648,24.862154520564555,42101,42045,FALSE,42045,42101,1
155,608,30.056587170359354,42101,42091,FALSE,42091,42101,1
156,584,62.00661333749302,36109,36007,FALSE,36007,36109,1
156,204,62.32265791006721,36109,36011,FALSE,36011,36109,1
157,644,65.10916309192987,05069,05119,FALSE,05069,05119,1
157,746,79.7923451436715,05069,05125,FALSE,05069,05125,1
158,593,40.01177348404308,36001,36083,FALSE,36001,36083,1
158,677,47.3986703605204,36001,36021,FALSE,36001,36021,1
159,195,47.71726247157111,48029,48091,FALSE,48029,48091,1
159,316,58.21278996477015,48029,48325,FALSE,48029,48325,1
160,192,33.4621070896018,08013,08014,FALSE,08013,08014,1
160,164,57.55327289478127,08013,08031,FALSE,08013,08031,1
161,475,45.37223980606584,40097,40145,FALSE,40097,40145,1
161,495,49.326920788962966,40097,40021,FALSE,40021,40097,1
162,73,82.02604809492982,16013,16053,FALSE,16013,16053,1
162,454,126.51247799758849,16013,16031,FALSE,16013,16031,1
163,821,38.98407463241728,22053,22001,FALSE,22001,22053,1
164,192,25.775034384285753,08031,08014,FALSE,08014,08031,1
165,378,39.08043480562266,17093,17089,FALSE,17089,17093,1
165,578,40.72352121913408,17093,17197,FALSE,17093,17197,1
166,277,40.58143336203673,11001,24003,FALSE,11001,24003,1
166,689,47.96893962822444,11001,24017,FALSE,11001,24017,1
167,248,61.35938162688265,08085,08029,FALSE,08029,08085,1
167,301,122.38719393475547,08085,08083,FALSE,08083,08085,1
168,728,42.89185676109796,27171,27053,FALSE,27053,27171,1
168,191,67.42743835914892,27171,27139,FALSE,27139,27171,1
169,517,23.263270778948463,55059,55101,FALSE,55059,55101,1
169,190,36.35242331205839,55059,55079,FALSE,55059,55079,1
171,186,43.91064983527763,06075,06041,TRUE,06041,06075,1
171,780,67.81173646588076,06075,06081,FALSE,06075,06081,1
173,480,45.98975667414628,12109,12107,FALSE,12107,12109,1
173,651,46.06220222466168,12109,12019,FALSE,12019,12109,1
174,877,29.74295834234171,28019,28155,FALSE,28019,28155,1
174,390,35.854260422850054,28019,28105,FALSE,28019,28105,1
175,794,44.653096216623275,26139,26121,FALSE,26121,26139,1
175,547,54.659162528390276,26139,26081,FALSE,26081,26139,1
176,682,35.03599377116659,17031,17097,FALSE,17031,17097,1
176,653,36.780712566796815,17031,17043,FALSE,17031,17043,1
177,613,71.25032166988242,47075,47157,FALSE,47075,47157,1
177,544,87.04681518161094,47075,47131,FALSE,47075,47131,1
178,860,54.09162368212131,54035,39053,FALSE,39053,54035,1
178,585,63.89531830624016,54035,39009,FALSE,39009,54035,1
179,624,58.04992508823278,48143,48363,FALSE,48143,48363,1
179,233,81.9650954998655,48143,48251,FALSE,48143,48251,1
180,153,47.7741772432236,13137,13291,FALSE,13137,13291,1
180,777,56.08632873291804,13137,13157,FALSE,13137,13157,1
181,766,48.47855673435332,13319,13021,FALSE,13021,13319,1
181,674,51.32254944157769,13319,13175,FALSE,13175,13319,1
182,586,21.25067121610016,54061,54049,FALSE,54049,54061,1
182,478,47.83310221391498,54061,42051,FALSE,42051,54061,1
183,339,47.00294660830991,09011,09013,FALSE,09011,09013,1
184,704,38.32987654827071,26015,26045,FALSE,26015,26045,1
184,662,41.491998618654264,26015,26077,FALSE,26015,26077,1
185,309,18.68802750445192,51760,51087,FALSE,51087,51760,1
185,820,19.57822522245356,51760,51041,FALSE,51041,51760,1
187,257,48.49749236737389,48381,48375,FALSE,48375,48381,1
187,743,58.1029393617942,48381,48069,FALSE,48069,48381,1
188,346,79.8108335787248,12043,12085,FALSE,12043,12085,1
189,240,45.91620699091921,41047,41043,FALSE,41043,41047,1
190,517,16.460475567047876,55079,55101,FALSE,55079,55101,1
191,424,37.331498772936826,27139,27037,FALSE,27037,27139,1
191,728,39.66734099689367,27139,27053,FALSE,27053,27139,1
193,407,57.404745125331466,37031,37049,FALSE,37031,37049,1
193,739,77.23087381403815,37031,37103,FALSE,37031,37103,1
194,288,39.66934552942455,26075,26065,FALSE,26065,26075,1
194,392,39.92038948814711,26075,26059,FALSE,26059,26075,1
195,315,35.38342139806017,48091,48209,FALSE,48091,48209,1
196,604,27.987558357888048,12081,12115,FALSE,12081,12115,1
196,871,45.85537074884492,12081,12057,FALSE,12057,12081,1
197,508,43.75468590049959,28109,28045,FALSE,28045,28109,1
197,514,44.702399573670924,28109,22117,FALSE,22117,28109,1
198,378,28.65077825392375,17037,17089,FALSE,17037,17089,1
198,165,44.152598736922286,17037,17093,FALSE,17037,17093,1
199,727,34.32708031353234,28011,28133,FALSE,28011,28133,1
200,434,31.23153781525247,47073,47059,FALSE,47059,47073,1
200,840,39.666916989763656,47073,47063,FALSE,47063,47073,1
201,821,34.63265022152462,22055,22001,FALSE,22001,22055,1
201,349,42.5243031433136,22055,22097,FALSE,22055,22097,1
202,369,151.13547371986434,16069,53063,FALSE,16069,53063,1
202,868,165.77067296868995,16069,53021,FALSE,16069,53021,1
203,386,41.47799026860058,06055,06113,FALSE,06055,06113,1
203,284,42.954748867141014,06055,06095,FALSE,06055,06095,1
204,707,30.773894329943097,36011,36067,FALSE,36011,36067,1
205,762,47.65751852278047,19061,55043,FALSE,19061,55043,1
205,254,73.05263245755766,19061,19113,FALSE,19061,19113,1
206,774,41.47376501722853,39139,39077,FALSE,39077,39139,1
206,788,42.43762656465784,39139,39083,FALSE,39083,39139,1
207,256,40.18150481488216,39021,39109,FALSE,39021,39109,1
207,715,40.8039352435778,39021,39097,FALSE,39021,39097,1
208,393,44.37460246955849,33019,33013,FALSE,33013,33019,1
208,231,48.497068741611166,33019,33005,FALSE,33005,33019,1
209,729,43.39222991142478,19157,19171,FALSE,19157,19171,1
209,226,59.50466602107498,19157,19011,FALSE,19011,19157,1
210,856,31.876265067263276,39169,39103,FALSE,39103,39169,1
210,370,43.918422785273236,39169,39151,FALSE,39151,39169,1
211,307,25.775004973237966,13113,13077,FALSE,13077,13113,1
212,426,32.47671879331039,13277,13321,FALSE,13277,13321,1
212,448,37.68114970306143,13277,13071,FALSE,13071,13277,1
213,518,60.238471616701446,36043,36065,FALSE,36043,36065,1
213,234,80.83085577238757,36043,36113,FALSE,36043,36113,1
214,470,40.46750743736264,26053,55051,FALSE,26053,55051,1
214,577,156.95720654302593,26053,26043,FALSE,26043,26053,1
215,831,39.334850401173114,01095,01055,FALSE,01055,01095,1
215,397,54.08466198870363,01095,01043,FALSE,01043,01095,1
216,716,50.931448695973906,17053,17019,FALSE,17019,17053,1
217,402,176.09678486661858,06089,06115,FALSE,06089,06115,1
217,710,193.91208925658177,06089,06101,FALSE,06089,06101,1
218,574,47.92668150527572,22113,22045,FALSE,22045,22113,1
218,201,51.257434932479214,22113,22055,FALSE,22055,22113,1
219,508,56.71888505508774,22087,28045,FALSE,22087,28045,1
219,582,58.064338491207614,22087,28047,FALSE,22087,28047,1
220,327,38.437630958419085,21151,21067,FALSE,21067,21151,1
221,509,33.88956404303643,47009,47093,FALSE,47009,47093,1
221,773,53.599252042596504,47009,47001,FALSE,47001,47009,1
222,134,35.46406072865663,13143,13223,FALSE,13143,13223,1
223,813,105.77892190475202,06053,06087,FALSE,06053,06087,1
223,523,114.11349292875164,06053,06085,FALSE,06053,06085,1
224,463,51.8869477496767,37193,37097,FALSE,37097,37193,1
224,501,60.982247122313254,37193,37035,FALSE,37035,37193,1
225,579,50.70669748549901,29021,29047,FALSE,29021,29047,1
225,793,55.98456247528755,29021,20103,FALSE,20103,29021,1
226,254,37.99169495688939,19011,19113,FALSE,19011,19113,1
226,729,38.983503462074864,19011,19171,FALSE,19011,19171,1
227,476,51.99638895741332,27025,27163,FALSE,27025,27163,1
227,445,56.63206921545367,27025,27123,FALSE,27025,27123,1
228,635,48.205491789782826,29051,29027,FALSE,29027,29051,1
229,333,59.7597993505518,42009,42021,FALSE,42009,42021,1
229,744,72.83211619181233,42009,24043,FALSE,24043,42009,1
230,587,35.919198644725576,34009,34011,FALSE,34009,34011,1
230,858,46.40511342693142,34009,34001,FALSE,34001,34009,1
231,875,39.32839811757358,33005,50025,FALSE,33005,50025,1
232,606,143.16712742225428,04013,04025,FALSE,04013,04025,1
233,375,44.165345876422656,48251,48439,FALSE,48251,48439,1
233,428,53.475575071120815,48251,48139,FALSE,48139,48251,1
234,291,42.01125830908877,36113,36115,FALSE,36113,36115,1
235,732,33.38131362878771,13015,13057,FALSE,13015,13057,1
236,272,35.289213355857825,12069,12119,FALSE,12069,12119,1
237,436,39.50230110284843,24009,24041,FALSE,24009,24041,1
237,689,42.62699101040681,24009,24017,FALSE,24009,24017,1
238,849,84.71532958059184,27169,19005,FALSE,19005,27169,1
239,595,124.33512851585391,35043,35031,FALSE,35031,35043,1
239,490,158.80320773593564,35043,35045,FALSE,35043,35045,1
240,321,68.63150609011403,41043,41039,FALSE,41039,41043,1
241,497,45.64073150071088,40147,40113,FALSE,40113,40147,1
241,694,55.87496288167166,40147,20125,FALSE,20125,40147,1
242,417,40.400794803026784,55135,55087,FALSE,55087,55135,1
242,699,49.687282308883525,55135,55139,FALSE,55135,55139,1
243,571,80.90296858997226,01099,01129,FALSE,01099,01129,1
244,462,36.842684610806714,24019,24045,FALSE,24019,24045,1
244,436,37.271049450382314,24019,24041,FALSE,24019,24041,1
245,232,150.97100024672343,04019,04013,TRUE,04013,04019,1
246,342,106.59974710058474,48273,48489,FALSE,48273,48489,1
246,56,126.86816636267918,48273,48215,FALSE,48215,48273,1
247,871,41.68009759480148,12103,12057,FALSE,12057,12103,1
247,271,53.061858859613444,12103,12101,FALSE,12101,12103,1
248,253,82.12586822477552,08029,08045,FALSE,08029,08045,1
249,373,62.09285775548789,01093,28095,FALSE,01093,28095,1
250,423,40.741486378747574,48037,48067,FALSE,48037,48067,1
250,878,77.25946707344714,48037,05057,FALSE,05057,48037,1
251,771,120.18396999489316,49057,49051,FALSE,49051,49057,1
252,734,59.767172582647746,36019,50007,FALSE,36019,50007,1
252,27,63.91867416513083,36019,50011,FALSE,36019,50011,1
253,91,95.33915056247837,08045,08097,FALSE,08045,08097,1
254,388,45.29162247924503,19113,19103,FALSE,19103,19113,1
255,106,46.007831927850596,13215,01081,FALSE,01081,13215,1
256,610,33.73245833468501,39109,39113,FALSE,39109,39113,1
256,305,34.52282726051252,39109,39037,FALSE,39037,39109,1
257,743,101.77677588062599,48375,48069,FALSE,48069,48375,1
258,338,32.72015704686313,40133,40125,FALSE,40125,40133,1
258,472,65.67327391702477,40133,40027,FALSE,40027,40133,1
259,477,20.60579666254009,51550,51740,FALSE,51550,51740,1
259,866,26.728394377148554,51550,51810,FALSE,51550,51810,1
260,263,28.210229127251996,55089,55117,TRUE,55089,55117,1
260,270,33.45529752989994,55089,55131,FALSE,55089,55131,1
261,200,56.70229595217939,47163,47073,FALSE,47073,47163,1
261,687,59.044356871557,47163,51195,FALSE,47163,51195,1
262,267,43.024746286301465,45059,45071,TRUE,45059,45071,1
262,443,49.86908386072493,45059,45083,FALSE,45059,45083,1
263,270,56.1001251889151,55117,55131,FALSE,55117,55131,1
264,339,39.36145343440132,25013,09013,FALSE,09013,25013,1
265,550,42.127915690067404,01037,01123,FALSE,01037,01123,1
265,293,49.09318275456639,01037,01121,FALSE,01037,01121,1
266,667,36.10925980686687,42011,42077,FALSE,42011,42077,1
266,282,40.52051165348362,42011,42107,FALSE,42011,42107,1
267,276,53.19884318108766,45071,45063,FALSE,45063,45071,1
268,310,33.27425110449979,18055,18119,FALSE,18055,18119,1
268,664,39.53259176290921,18055,18027,FALSE,18027,18055,1
269,808,24.183677343457543,18139,18041,FALSE,18041,18139,1
269,748,29.972106291264105,18139,18145,FALSE,18139,18145,1
270,833,41.853320214147274,55131,55133,FALSE,55131,55133,1
271,871,48.82226544857386,12101,12057,FALSE,12057,12101,1
272,21,47.90607904879765,12119,12053,FALSE,12053,12119,1
273,636,22.80639150130392,36059,36081,FALSE,36059,36081,1
273,854,25.837584297801506,36059,36005,FALSE,36005,36059,1
274,331,54.28461068888825,18163,21059,FALSE,18163,21059,1
275,639,49.280509851818266,29071,29099,FALSE,29071,29099,1
275,527,60.11276347659296,29071,29189,FALSE,29071,29189,1
276,758,36.88883446212881,45063,45079,FALSE,45063,45079,1
276,817,51.36457301293051,45063,45017,FALSE,45017,45063,1
278,699,39.3786758760451,55039,55139,FALSE,55039,55139,1
278,270,45.544205841609475,55039,55131,FALSE,55039,55131,1
279,677,36.32437385009832,25003,36021,FALSE,25003,36021,1
279,593,44.81151267675496,25003,36083,FALSE,25003,36083,1
280,76,41.52636556603009,47111,47165,FALSE,47111,47165,1
280,573,50.39376321790316,47111,47189,FALSE,47111,47189,1
281,433,53.00530316706891,05023,05045,FALSE,05023,05045,1
282,726,42.432873192416906,42107,42075,FALSE,42075,42107,1
283,696,85.65903792962592,35013,48141,FALSE,35013,48141,1
284,308,38.68178287258143,06095,06013,TRUE,06013,06095,1
285,201,44.536831434268166,22099,22055,FALSE,22055,22099,1
285,761,47.857550690065764,22099,22121,FALSE,22099,22121,1
287,197,55.6012457270391,28035,28109,FALSE,28035,28109,1
288,334,37.82066008581974,26065,26093,FALSE,26065,26093,1
288,704,38.719068651759486,26065,26045,FALSE,26045,26065,1
289,793,63.974898988144375,20177,20103,FALSE,20103,20177,1
289,741,89.58103239474055,20177,20031,FALSE,20031,20177,1
290,518,41.41791096031535,36053,36065,FALSE,36053,36065,1
290,707,44.64685992572998,36053,36067,FALSE,36053,36067,1
291,650,40.698606789671864,36115,50003,FALSE,36115,50003,1
292,748,26.10266783271282,18081,18145,FALSE,18081,18145,1
292,427,30.345708337433113,18081,18109,FALSE,18081,18109,1
293,403,48.13375954632856,01121,01117,FALSE,01117,01121,1
294,749,34.36687069168511,39041,39049,FALSE,39041,39049,1
294,803,49.15283328977804,39041,39089,FALSE,39041,39089,1
295,631,34.19950097114003,37067,37059,FALSE,37059,37067,1
295,30,37.777325839558266,37067,37057,FALSE,37057,37067,1
296,864,25.47756151241274,13261,13177,FALSE,13177,13261,1
296,515,39.34827408328294,13261,13093,FALSE,13093,13261,1
297,385,47.949609400004434,45007,45045,FALSE,45007,45045,1
297,262,58.16523798216286,45007,45059,FALSE,45007,45059,1
298,467,39.88021238993228,26087,26049,FALSE,26049,26087,1
298,348,47.60594727280116,26087,26157,FALSE,26087,26157,1
299,665,37.00741028814237,26079,26055,FALSE,26055,26079,1
299,717,39.30359473378376,26079,26113,FALSE,26079,26113,1
300,437,126.3765362603391,06071,06065,FALSE,06065,06071,1
301,490,95.00121134628417,08083,35045,FALSE,08083,35045,1
302,810,39.96118216684543,28023,28075,FALSE,28023,28075,1
302,511,76.11912048631699,28023,28129,FALSE,28023,28129,1
303,713,26.988334868387913,31055,31177,FALSE,31055,31177,1
304,654,14.655112557508485,13059,13219,FALSE,13059,13219,1
304,683,24.722443932403724,13059,13195,FALSE,13059,13195,1
305,330,32.889733643037864,39037,18135,FALSE,18135,39037,1
306,356,56.23287241957097,40071,20191,FALSE,20191,40071,1
307,625,35.576728170620115,13077,13149,FALSE,13077,13149,1
308,568,30.476760023600182,06013,06001,FALSE,06001,06013,1
309,820,26.05999664455212,51087,51041,FALSE,51041,51087,1
310,751,32.27555924984698,18119,18105,FALSE,18105,18119,1
311,586,28.04290018508804,54033,54049,FALSE,54033,54049,1
311,182,48.41191190476071,54033,54061,FALSE,54033,54061,1
312,555,41.30940568075668,09009,09001,FALSE,09001,09009,1
313,452,34.219378718691445,13033,13245,FALSE,13033,13245,1
313,367,39.12687049846494,13033,13163,FALSE,13033,13163,1
314,578,35.72645284221637,17091,17197,FALSE,17091,17197,1
315,870,38.068340104781036,48209,48453,FALSE,48209,48453,1
316,195,96.97753551857505,48325,48091,FALSE,48091,48325,1
317,641,56.138625736591564,45013,13051,FALSE,13051,45013,1
317,678,61.42297994850204,45013,13103,FALSE,13103,45013,1
318,528,44.11195404800078,55105,17007,FALSE,17007,55105,1
318,529,52.28681813816929,55105,55025,FALSE,55025,55105,1
319,580,28.36983969747775,18023,18011,FALSE,18011,18023,1
320,881,41.66426964320085,28121,28089,FALSE,28089,28121,1
320,795,48.88742454097509,28121,28049,FALSE,28049,28121,1
321,122,75.62666985201079,41039,41003,FALSE,41003,41039,1
322,467,36.61397450278097,26155,26049,FALSE,26049,26155,1
323,651,29.30599006356721,12007,12019,FALSE,12007,12019,1
323,596,43.37658424864768,12007,12003,FALSE,12003,12007,1
324,765,31.289736282826297,18059,18097,FALSE,18059,18097,1
324,748,33.21983451455203,18059,18145,FALSE,18059,18145,1
325,620,51.329611692263576,48329,48135,FALSE,48135,48329,1
325,882,76.03118779062522,48329,48227,FALSE,48227,48329,1
328,563,34.78245658597319,26147,26099,FALSE,26099,26147,1
328,298,48.53217904514088,26147,26087,FALSE,26087,26147,1
329,734,38.32262817372852,50015,50007,FALSE,50007,50015,1
330,740,33.468491041705114,18135,18177,FALSE,18135,18177,1
332,489,25.104360513517932,13151,13247,FALSE,13151,13247,1
333,872,67.74661609448962,42021,42129,FALSE,42021,42129,1
334,364,39.35447187043256,26093,26161,FALSE,26093,26161,1
335,805,25.549428994638358,08001,08005,FALSE,08001,08005,1
335,164,48.54680266115999,08001,08031,FALSE,08001,08031,1
336,681,42.65418250540794,42069,42079,FALSE,42069,42079,1
337,719,45.98986668408009,40037,40143,FALSE,40037,40143,1
337,583,53.38056883472223,40037,40117,FALSE,40037,40117,1
338,472,33.264350250167276,40125,40027,FALSE,40027,40125,1
340,651,44.02275313589269,12031,12019,FALSE,12019,12031,1
340,173,54.91032939598429,12031,12109,FALSE,12031,12109,1
341,538,31.09087636256542,39057,39027,FALSE,39027,39057,1
341,610,34.635715514200285,39057,39113,FALSE,39057,39113,1
342,850,43.688071345594715,48489,48061,FALSE,48061,48489,1
343,310,49.01072270407178,18167,18119,FALSE,18119,18167,1
343,760,53.019119834068164,18167,18133,FALSE,18133,18167,1
344,435,35.307016600676334,18039,18141,FALSE,18039,18141,1
344,365,36.549897926764984,18039,18087,FALSE,18039,18087,1
345,841,48.479504286806986,48303,48219,FALSE,48219,48303,1
346,560,33.240644501460054,12085,12111,FALSE,12085,12111,1
347,815,24.544777446592473,13085,13117,FALSE,13085,13117,1
348,612,49.60311602796713,26157,26017,FALSE,26017,26157,1
349,380,39.330564165299776,22097,22077,FALSE,22077,22097,1
350,724,60.90287253116938,21081,39025,FALSE,21081,39025,1
350,652,61.31722010325913,21081,39061,FALSE,21081,39061,1
351,500,56.39247738101367,54045,21195,FALSE,21195,54045,1
351,687,112.58594872983414,54045,51195,FALSE,51195,54045,1
352,806,48.88987001106599,53061,53057,FALSE,53057,53061,1
352,551,62.96521502640994,53061,53033,FALSE,53033,53061,1
353,620,178.63346363998133,35015,48135,FALSE,35015,48135,1
353,696,197.78941160204258,35015,48141,FALSE,35015,48141,1
354,525,97.29168611110836,53077,53005,FALSE,53005,53077,1
354,45,126.02744603430828,53077,53041,FALSE,53041,53077,1
355,606,151.95170840060482,04005,04025,FALSE,04005,04025,1
356,869,49.49533666957513,20191,20173,FALSE,20173,20191,1
357,794,19.837075090393995,26127,26121,FALSE,26121,26127,1
357,175,64.25131401727245,26127,26139,FALSE,26127,26139,1
358,646,57.56125894576928,39007,39055,FALSE,39007,39055,1
359,609,53.515400009405376,48167,48039,FALSE,48039,48167,1
359,361,84.81779354405818,48167,48201,TRUE,48167,48201,1
360,610,30.32525783545067,39135,39113,FALSE,39113,39135,1
360,740,33.87036513509176,39135,18177,FALSE,18177,39135,1
361,851,50.22185910396859,48201,48339,FALSE,48201,48339,1
362,791,41.26029718818999,36069,36051,FALSE,36051,36069,1
362,561,54.404913992676036,36069,36055,FALSE,36055,36069,1
363,804,55.35599750230168,01001,01101,FALSE,01001,01101,1
363,265,58.233505117317065,01001,01037,FALSE,01001,01037,1
364,194,47.53007023332664,26161,26075,FALSE,26075,26161,1
365,655,26.454901750919376,18087,18113,FALSE,18087,18113,1
366,811,20.259476667063126,13225,13153,FALSE,13153,13225,1
366,766,29.390511012458166,13225,13021,FALSE,13021,13225,1
367,452,46.55855527789507,13163,13245,FALSE,13163,13245,1
368,554,50.78211543889287,48347,48405,FALSE,48347,48405,1
368,846,67.35087904046858,48347,48365,FALSE,48347,48365,1
369,721,161.77335041622308,53063,53025,FALSE,53025,53063,1
370,823,37.05024948049768,39151,39153,FALSE,39151,39153,1
370,36,41.9200361445384,39151,39133,FALSE,39133,39151,1
371,782,57.72687058020084,53029,53035,FALSE,53029,53035,1
371,352,68.22153476061929,53029,53061,TRUE,53029,53061,1
372,648,30.58844563344802,42029,42045,FALSE,42029,42045,1
372,608,41.60392694222378,42029,42091,FALSE,42029,42091,1
373,706,48.29016965922628,28095,28081,FALSE,28081,28095,1
374,738,33.06570179303687,12033,12113,FALSE,12033,12113,1
374,567,70.44261189771208,12033,12091,FALSE,12033,12091,1
375,691,47.949530346742655,48439,48113,FALSE,48113,48439,1
376,672,26.78506326834625,39099,39029,FALSE,39029,39099,1
377,804,52.26302195019992,01087,01101,FALSE,01087,01101,1
378,653,29.933781048879705,17089,17043,FALSE,17043,17089,1
379,670,33.79084476136309,42089,42095,FALSE,42089,42095,1
379,442,35.08449805433377,42089,42025,FALSE,42025,42089,1
380,761,39.168031866506354,22077,22121,FALSE,22077,22121,1
381,864,32.326117291551526,13095,13177,FALSE,13095,13177,1
381,426,34.09555207457561,13095,13321,FALSE,13095,13321,1
382,449,50.715127485449976,23027,23011,FALSE,23011,23027,1
382,61,86.30544434343994,23027,23023,FALSE,23023,23027,1
383,594,70.29624479505586,12087,12021,FALSE,12021,12087,1
384,659,17.962192467886197,36085,36047,FALSE,36047,36085,1
384,636,27.269471945646178,36085,36081,FALSE,36081,36085,1
385,443,34.96601067712006,45045,45083,FALSE,45045,45083,1
386,710,43.225670326266865,06113,06101,FALSE,06101,06113,1
388,822,39.566329263676664,19103,19183,FALSE,19103,19183,1
388,737,44.40939063969504,19103,19139,FALSE,19103,19139,1
390,877,43.29512320705976,28105,28155,FALSE,28105,28155,1
391,633,27.08582037066591,22119,22015,FALSE,22015,22119,1
391,626,51.731167597186364,22119,22013,FALSE,22013,22119,1
392,742,35.540491598144335,26059,26023,FALSE,26023,26059,1
393,231,62.108147060127216,33013,33005,FALSE,33005,33013,1
394,657,42.10636125694539,42133,42001,FALSE,42001,42133,1
394,829,42.92130291941465,42133,42071,FALSE,42071,42133,1
395,629,42.78840648684071,37161,37023,FALSE,37023,37161,1
395,789,51.32348909290598,37161,37089,FALSE,37089,37161,1
397,802,64.37321246048522,01043,01073,FALSE,01043,01073,1
398,552,29.36715396185783,13097,13121,FALSE,13097,13121,1
399,671,52.59140316191013,21031,21213,FALSE,21031,21213,1
400,199,69.49624293834428,05107,28011,FALSE,05107,28011,1
401,819,23.196337417275156,22093,22005,FALSE,22005,22093,1
401,468,29.4161480146243,22093,22007,FALSE,22007,22093,1
402,710,40.479100815227234,06115,06101,FALSE,06101,06115,1
402,588,49.402943573624306,06115,06057,FALSE,06057,06115,1
403,802,38.12948141250778,01117,01073,FALSE,01073,01117,1
404,450,60.1230898215918,37135,37081,FALSE,37081,37135,1
405,668,45.25734763346383,36029,36121,FALSE,36029,36121,1
405,642,55.10822127811333,36029,36037,FALSE,36029,36037,1
406,678,37.5773234005151,13031,13103,FALSE,13031,13103,1
406,559,50.65457396044465,13031,13029,FALSE,13029,13031,1
407,739,26.72316198596762,37049,37103,FALSE,37049,37103,1
407,575,54.7700846760291,37049,37133,FALSE,37049,37133,1
408,663,51.87285699610574,45041,45061,FALSE,45041,45061,1
408,438,63.22882281113058,45041,45085,FALSE,45041,45085,1
409,751,25.559619693942402,18013,18105,FALSE,18013,18105,1
410,48,27.937902384276413,13135,13089,FALSE,13089,13135,1
410,110,29.1376340097051,13135,13013,FALSE,13013,13135,1
411,798,19.615382457551636,51700,51199,FALSE,51199,51700,1
411,838,20.181519076166566,51700,51650,FALSE,51650,51700,1
412,536,50.89757000855041,22075,22051,FALSE,22051,22075,1
412,219,76.87186934274209,22075,22087,FALSE,22075,22087,1
413,706,33.4052107013475,28115,28081,FALSE,28081,28115,1
414,692,50.02577076269385,22067,22073,FALSE,22067,22073,1
415,698,24.732733344526334,21029,21111,FALSE,21029,21111,1
415,845,43.67550996020659,21029,21163,FALSE,21029,21163,1
416,881,36.17949132345695,28163,28089,FALSE,28089,28163,1
416,795,55.84455268778451,28163,28049,FALSE,28049,28163,1
417,699,40.36001194604045,55087,55139,FALSE,55087,55139,1
418,510,47.21705451313691,29107,29095,FALSE,29095,29107,1
418,579,59.98185006092699,29107,29047,FALSE,29047,29107,1
419,797,30.124634977385792,37195,37127,FALSE,37127,37195,1
419,590,37.51623251289414,37195,37065,FALSE,37065,37195,1
420,769,28.668875023009303,29186,29187,FALSE,29186,29187,1
420,639,53.17974419013687,29186,29099,FALSE,29099,29186,1
421,425,53.87221871456864,22079,22009,TRUE,22009,22079,1
421,432,83.76829851988508,22079,22127,FALSE,22079,22127,1
422,627,141.8696735011729,31111,31019,FALSE,31019,31111,1
422,809,189.35900080150398,31111,31079,FALSE,31079,31111,1
423,124,59.58866748656949,48067,48203,FALSE,48067,48203,1
424,445,38.39949075397307,27037,27123,FALSE,27037,27123,1
425,380,55.609565348178045,22009,22077,FALSE,22009,22077,1
427,835,32.283187473298995,18109,18063,FALSE,18063,18109,1
428,487,44.81048848167309,48139,48349,FALSE,48139,48349,1
428,691,46.746134556224156,48139,48113,FALSE,48113,48139,1
429,535,39.23369994216999,13229,13299,FALSE,13229,13299,1
429,534,63.98960973902065,13229,13069,FALSE,13069,13229,1
430,507,38.68117007251517,18053,18035,FALSE,18035,18053,1
431,480,45.11248432110048,12035,12107,FALSE,12035,12107,1
431,173,47.50158145095212,12035,12109,FALSE,12035,12109,1
432,626,58.253613891137604,22127,22013,FALSE,22013,22127,1
432,692,75.66018207777927,22127,22073,FALSE,22073,22127,1
433,611,34.64387544220729,05045,05029,FALSE,05029,05045,1
433,644,41.892476142885435,05045,05119,FALSE,05045,05119,1
434,840,37.805101928407964,47059,47063,FALSE,47059,47063,1
435,440,47.500514302907185,18141,18149,FALSE,18141,18149,1
437,705,97.34743497784112,06065,06025,FALSE,06025,06065,1
438,663,29.549621579112763,45085,45061,FALSE,45061,45085,1
438,817,45.52654273245427,45085,45017,FALSE,45017,45085,1
439,647,98.20685978087533,06029,06107,FALSE,06029,06107,1
439,95,115.85739758759685,06029,06111,FALSE,06029,06111,1
441,870,46.28568104051344,48491,48453,FALSE,48453,48491,1
442,667,35.16312478779642,42025,42077,FALSE,42025,42077,1
444,242,78.03637346207742,55073,55135,FALSE,55073,55135,1
444,830,110.99039139924962,55073,55057,FALSE,55057,55073,1
445,476,16.684448463674535,27123,27163,FALSE,27123,27163,1
445,728,29.517459729760414,27123,27053,FALSE,27053,27123,1
446,873,38.2025592513044,12071,12015,FALSE,12015,12071,1
446,594,76.29213583114785,12071,12021,FALSE,12021,12071,1
447,321,179.8978294170956,41033,41039,FALSE,41033,41039,1
448,731,38.872704818889765,13071,13275,FALSE,13071,13275,1
450,772,33.66746081347162,37081,37157,FALSE,37081,37157,1
451,842,42.17442857135266,16001,16027,FALSE,16001,16027,1
451,512,73.52139682362323,16001,16075,FALSE,16001,16075,1
453,170,98.45744621317371,08107,08037,FALSE,08037,08107,1
453,128,120.15221822417394,08107,08117,FALSE,08107,08117,1
454,661,85.8059605415561,16031,16083,FALSE,16031,16083,1
455,358,58.55696922232126,42049,39007,FALSE,39007,42049,1
455,684,60.39076681930243,42049,36013,FALSE,36013,42049,1
456,718,56.89137844938094,48467,48423,FALSE,48423,48467,1
456,496,66.88932515697724,48467,48231,FALSE,48231,48467,1
457,709,107.23360053122111,12005,13253,FALSE,12005,13253,1
457,22,113.28462763863543,12005,12129,FALSE,12005,12129,1
458,249,87.74467265455898,01077,01093,FALSE,01077,01093,1
459,760,60.22257925699899,18045,18133,FALSE,18045,18133,1
461,472,39.50473984782571,40109,40027,FALSE,40027,40109,1
462,436,63.653640849809,24045,24041,FALSE,24041,24045,1
463,631,32.89687145383631,37097,37059,FALSE,37059,37097,1
463,501,34.66426079572978,37097,37035,FALSE,37035,37097,1
464,259,70.17121214683692,37091,51550,FALSE,37091,51550,1
464,590,74.66748404583048,37091,37065,FALSE,37065,37091,1
465,158,51.263178863869605,36057,36001,FALSE,36001,36057,1
465,43,52.39367227153394,36057,36091,FALSE,36057,36091,1
466,806,38.87683650285598,53073,53057,FALSE,53057,53073,1
466,352,87.75082334614805,53073,53061,FALSE,53061,53073,1
468,819,36.773201250886764,22007,22005,FALSE,22005,22007,1
469,198,48.42232687320927,17141,17037,FALSE,17037,17141,1
469,787,49.97187492621937,17141,17015,FALSE,17015,17141,1
470,444,163.59867117153345,55051,55073,FALSE,55051,55073,1
471,352,88.01783716166477,53007,53061,FALSE,53007,53061,1
471,551,99.8520973214614,53007,53033,FALSE,53007,53033,1
474,522,48.43584759316165,37085,37101,FALSE,37085,37101,1
475,719,42.2216089477584,40145,40143,FALSE,40143,40145,1
476,424,43.01468120765927,27163,27037,FALSE,27037,27163,1
477,565,12.244502489632987,51740,51710,FALSE,51710,51740,1
478,872,46.032730895700716,42051,42129,FALSE,42051,42129,1
479,744,105.75608695722474,51171,24043,FALSE,24043,51171,1
480,651,45.51191735949544,12107,12019,FALSE,12019,12107,1
481,703,46.79583735207502,21107,21047,FALSE,21047,21107,1
482,731,52.008590860363626,12065,13275,FALSE,12065,13275,1
483,15,74.65955400938401,28005,22105,FALSE,22105,28005,1
484,742,36.36581091075786,26025,26023,FALSE,26023,26025,1
484,704,40.870362511828354,26025,26045,FALSE,26025,26045,1
485,335,75.92192346567454,08123,08001,FALSE,08001,08123,1
485,192,87.69987038811068,08123,08014,FALSE,08014,08123,1
486,209,86.86453434693115,19153,19157,FALSE,19153,19157,1
487,621,56.77979077402231,48349,48293,FALSE,48293,48349,1
488,658,32.15896343106964,47187,47037,FALSE,47037,47187,1
488,832,35.01639102692067,47187,47119,FALSE,47119,47187,1
489,753,19.61386998718497,13247,13217,FALSE,13217,13247,1
490,595,103.33919122618693,35045,35031,FALSE,35031,35045,1
491,846,54.414153548475426,22031,48365,FALSE,22031,48365,1
491,504,59.48022558982945,22031,22017,FALSE,22017,22031,1
492,520,50.611103227459324,06019,06039,TRUE,06019,06039,1
493,730,40.331888470563065,17167,17021,FALSE,17021,17167,1
493,530,46.59805364302967,17167,17137,FALSE,17137,17167,1
494,638,50.906739815732834,26137,26031,FALSE,26031,26137,1
494,299,55.54623065448982,26137,26079,FALSE,26079,26137,1
495,475,47.043895441341085,40021,40145,FALSE,40021,40145,1
496,603,46.77144136786847,48231,48085,FALSE,48085,48231,1
497,583,43.11112664425205,40113,40117,FALSE,40113,40117,1
498,505,58.176603790454365,37039,37113,FALSE,37039,37113,1
499,592,38.79170805828079,26107,26117,FALSE,26107,26117,1
499,816,39.71345745568385,26107,26073,FALSE,26073,26107,1
500,687,59.852604998939796,21195,51195,FALSE,21195,51195,1
501,521,41.121157320859375,37035,37071,FALSE,37035,37071,1
502,712,37.44785982675222,17179,17143,FALSE,17143,17179,1
503,160,63.07015997833195,08069,08013,FALSE,08013,08069,1
503,192,86.62196433321584,08069,08014,FALSE,08014,08069,1
504,633,27.54473367255489,22017,22015,FALSE,22015,22017,1
505,180,58.43654140910023,37113,13137,FALSE,13137,37113,1
506,165,46.69293317438923,17099,17093,FALSE,17093,17099,1
506,198,62.06460084973972,17099,17037,FALSE,17037,17099,1
507,759,28.28478131543812,18035,18095,FALSE,18035,18095,1
507,330,34.15664935942153,18035,18135,FALSE,18035,18135,1
508,582,38.40494873438556,28045,28047,FALSE,28045,28047,1
509,773,26.958978065892797,47093,47001,FALSE,47001,47093,1
510,579,35.14556462110883,29095,29047,FALSE,29047,29095,1
511,320,50.65131187336315,28129,28121,FALSE,28121,28129,1
511,826,59.470851422937095,28129,28065,FALSE,28065,28129,1
512,842,42.00997307287836,16075,16027,FALSE,16027,16075,1
513,532,55.9351460835415,21145,21143,FALSE,21143,21145,1
513,545,61.97986745539827,21145,21035,FALSE,21035,21145,1
515,811,36.67095935118549,13093,13153,FALSE,13093,13153,1
516,179,90.23396284225171,48049,48143,FALSE,48049,48143,1
516,861,102.87054241293525,48049,48441,FALSE,48049,48441,1
519,879,53.86096255318514,29169,29029,FALSE,29029,29169,1
519,228,75.70399565964311,29169,29051,FALSE,29051,29169,1
520,628,86.19180920231469,06039,06047,FALSE,06039,06047,1
521,151,57.62387917651536,37071,37025,FALSE,37025,37071,1
522,630,37.00663877051227,37101,37191,FALSE,37101,37191,1
522,419,45.343195053791085,37101,37195,FALSE,37101,37195,1
523,813,36.5751068450616,06085,06087,FALSE,06085,06087,1
523,568,51.247566015040164,06085,06001,TRUE,06001,06085,1
525,868,58.24692731468381,53005,53021,FALSE,53005,53021,1
526,774,27.702201983102842,39043,39077,FALSE,39043,39077,1
526,540,34.30941516505197,39043,39093,FALSE,39043,39093,1
527,847,17.509301633897252,29189,29510,FALSE,29189,29510,1
527,639,43.43399518891699,29189,29099,FALSE,29099,29189,1
528,783,30.59376660936378,17007,17111,FALSE,17007,17111,1
529,807,45.5218273745352,55025,55021,FALSE,55021,55025,1
530,730,81.52899410082739,17137,17021,FALSE,17021,17137,1
531,825,31.234449378605756,37167,37123,FALSE,37123,37167,1
532,545,47.91830130675992,21143,21035,FALSE,21035,21143,1
532,703,54.47141200783006,21143,21047,FALSE,21047,21143,1
533,612,90.1538713669546,26069,26017,FALSE,26017,26069,1
533,348,100.06750965144069,26069,26157,FALSE,26069,26157,1
534,212,65.37161436472215,13069,13277,FALSE,13069,13277,1
535,534,68.4791377449165,13299,13069,TRUE,13069,13299,1
536,736,34.73030067829932,22051,22057,FALSE,22051,22057,1
537,801,39.68789872799551,22103,22071,FALSE,22071,22103,1
537,508,45.042896927589716,22103,28045,FALSE,22103,28045,1
538,784,31.399338895427945,39027,39165,FALSE,39027,39165,1
540,856,42.828945987478384,39093,39103,FALSE,39093,39103,1
541,829,56.264605957854,24025,42071,FALSE,24025,42071,1
542,547,39.74707574669286,26067,26081,TRUE,26067,26081,1
543,859,71.79276826063688,37129,37047,FALSE,37047,37129,1
543,575,72.61108950367628,37129,37133,FALSE,37129,37133,1
544,545,83.2720141538157,47131,21035,FALSE,21035,47131,1
544,513,86.21213960082129,47131,21145,FALSE,21145,47131,1
546,761,22.57906950048425,22033,22121,FALSE,22033,22121,1
546,755,36.87810974881179,22033,22063,FALSE,22033,22063,1
547,592,44.86550921935366,26081,26117,FALSE,26081,26117,1
548,590,41.634510163501716,37147,37065,FALSE,37065,37147,1
548,419,51.02470640862383,37147,37195,FALSE,37147,37195,1
549,673,55.65727852643579,12105,12097,FALSE,12097,12105,1
549,871,67.29958090535345,12105,12057,FALSE,12057,12105,1
551,828,54.448144425118855,53033,53053,FALSE,53033,53053,1
552,685,19.325759710006704,13121,13067,FALSE,13067,13121,1
553,588,185.26232225916203,32031,06057,TRUE,06057,32031,1
554,591,71.27360850542465,48405,48241,FALSE,48241,48405,1
555,767,55.61735768344039,09001,36087,FALSE,09001,36087,1
556,669,47.73086284046099,06077,06099,FALSE,06077,06099,1
556,79,57.627957253957945,06077,06067,FALSE,06067,06077,1
557,709,47.85177380531524,01069,13253,FALSE,01069,13253,1
557,381,111.33860363607397,01069,13095,FALSE,01069,13095,1
558,694,86.05492790917219,20037,20125,FALSE,20037,20125,1
558,867,94.97833848575694,20037,29013,FALSE,20037,29013,1
559,641,33.582357617188514,13029,13051,FALSE,13029,13051,1
559,678,39.2554130044218,13029,13103,FALSE,13029,13103,1
560,790,37.93724363255856,12111,12061,FALSE,12061,12111,1
561,642,48.63422745309353,36055,36037,FALSE,36037,36055,1
562,448,62.04507233461165,13185,13071,FALSE,13071,13185,1
562,731,62.22790655845824,13185,13275,FALSE,13185,13275,1
563,720,38.67368523168958,26099,26125,FALSE,26099,26125,1
564,460,74.93640594169818,17079,17051,FALSE,17051,17079,1
565,838,14.659299787987294,51710,51650,FALSE,51650,51710,1
566,531,43.41860492225542,37179,37167,FALSE,37167,37179,1
566,151,44.13813186020514,37179,37025,FALSE,37025,37179,1
567,738,41.488144983057616,12091,12113,FALSE,12091,12113,1
568,780,48.02897880397019,06001,06081,FALSE,06001,06081,1
569,800,32.3991426433619,18085,18183,FALSE,18085,18183,1
569,344,39.63038172047357,18085,18039,FALSE,18039,18085,1
570,725,39.17124386777858,41053,41071,FALSE,41053,41071,1
572,215,54.750570483427936,01089,01095,FALSE,01089,01095,1
572,754,59.938829181880514,01089,47051,FALSE,01089,47051,1
574,733,36.718904942433824,22045,22101,FALSE,22045,22101,1
575,739,32.65708854258284,37133,37103,FALSE,37103,37133,1
576,727,28.488970055354454,28083,28133,FALSE,28083,28133,1
576,199,61.166140514094444,28083,28011,FALSE,28011,28083,1
577,812,78.08911983788533,26043,26041,FALSE,26041,26043,1
580,835,31.542446028442594,18011,18063,FALSE,18011,18063,1
581,737,44.89547211333787,19163,19139,FALSE,19139,19163,1
581,787,74.94218685159102,19163,17015,FALSE,17015,19163,1
582,597,44.15420082444913,28047,28059,FALSE,28047,28059,1
584,796,71.24768174087156,36007,36025,FALSE,36007,36025,1
585,860,61.45059700179757,39009,39053,FALSE,39009,39053,1
587,745,33.97367378014381,34011,34033,FALSE,34011,34033,1
589,617,40.58057787740156,21199,21125,FALSE,21125,21199,1
590,797,35.06637396583507,37065,37127,FALSE,37065,37127,1
591,599,58.96508375974156,48241,48199,TRUE,48199,48241,1
591,844,66.3062196992832,48241,22011,FALSE,22011,48241,1
592,542,41.392821976062024,26117,26067,FALSE,26067,26117,1
596,651,56.37988035781868,12003,12019,FALSE,12003,12019,1
600,312,56.52347466930244,09005,09009,FALSE,09005,09009,1
601,779,26.198135891596767,39143,39147,FALSE,39143,39147,1
601,776,40.0578560020566,39143,39173,FALSE,39143,39173,1
602,612,41.7633816355186,26145,26017,FALSE,26017,26145,1
602,322,42.534493510654066,26145,26155,FALSE,26145,26155,1
603,622,50.41697936218586,48085,48121,FALSE,48085,48121,1
604,873,54.659036307433894,12115,12015,FALSE,12015,12115,1
605,606,161.10519892568354,04015,04025,TRUE,04015,04025,1
607,859,50.0014402222764,45051,37047,FALSE,37047,45051,1
607,837,62.168829337916506,45051,45043,FALSE,45043,45051,1
608,648,32.70581128623909,42091,42045,FALSE,42045,42091,1
612,700,32.73242166620496,26017,26111,FALSE,26017,26111,1
613,132,73.46232047826754,47157,28143,FALSE,28143,47157,1
614,870,39.710029238173064,48021,48453,FALSE,48021,48453,1
614,441,67.1937934869196,48021,48491,FALSE,48021,48491,1
615,736,46.88412420967704,22109,22057,FALSE,22057,22109,1
615,468,66.81393478706109,22109,22007,FALSE,22007,22109,1
616,638,40.32226683023732,26047,26031,FALSE,26031,26047,1
616,778,43.43534956301274,26047,26029,FALSE,26029,26047,1
617,220,69.51068120997793,21125,21151,FALSE,21125,21151,1
618,666,72.6395717591793,29213,29077,FALSE,29077,29213,1
618,127,127.72111828361756,29213,05141,FALSE,05141,29213,1
619,654,38.05558972137286,13133,13219,FALSE,13133,13219,1
619,304,45.68154894529767,13133,13059,FALSE,13059,13133,1
620,882,114.83489607691314,48135,48227,FALSE,48135,48227,1
622,375,50.69471504389698,48121,48439,FALSE,48121,48439,1
623,609,70.3657741869012,48321,48039,FALSE,48039,48321,1
623,104,86.5461147724231,48321,48157,FALSE,48157,48321,1
624,375,96.0323217994044,48363,48439,FALSE,48363,48439,1
625,58,32.78043344517698,13149,13045,FALSE,13045,13149,1
627,809,48.14516334373235,31019,31079,FALSE,31019,31079,1
628,669,47.772357287499695,06047,06099,TRUE,06047,06099,1
628,523,85.66627628960858,06047,06085,FALSE,06047,06085,1
629,501,45.339077091125894,37023,37035,FALSE,37023,37035,1
630,419,39.290256898108915,37191,37195,FALSE,37191,37195,1
632,874,34.59710762573614,39011,39107,FALSE,39011,39107,1
634,869,124.62545209877095,20169,20173,FALSE,20169,20173,1
634,289,166.35444671378897,20169,20177,FALSE,20169,20177,1
636,659,9.486808523208683,36081,36047,FALSE,36047,36081,1
636,675,17.382373317755746,36081,36061,FALSE,36061,36081,1
637,596,68.00035332808065,12121,12003,FALSE,12003,12121,1
637,562,76.3324383398658,12121,13185,FALSE,12121,13185,1
640,527,64.8110725502771,29113,29189,FALSE,29113,29189,1
640,275,72.82020783730775,29113,29071,FALSE,29071,29113,1
641,678,48.86680750158936,13051,13103,FALSE,13051,13103,1
642,668,33.43561960936291,36037,36121,FALSE,36037,36121,1
642,791,45.322061729197905,36037,36051,FALSE,36037,36051,1
643,449,81.31645335381816,23005,23011,FALSE,23005,23011,1
644,746,35.70833856470443,05119,05125,FALSE,05119,05125,1
645,713,89.46052288277868,19047,31177,FALSE,19047,31177,1
645,303,104.49176672289094,19047,31055,FALSE,19047,31055,1
646,781,36.446563511328236,39055,39035,FALSE,39035,39055,1
647,492,98.00458424316076,06107,06019,FALSE,06019,06107,1
649,405,57.88067879012012,36063,36029,FALSE,36029,36063,1
649,642,58.69709691478018,36063,36037,TRUE,36037,36063,1
650,875,31.97841506722912,50003,50025,FALSE,50003,50025,1
652,724,37.666518310563454,39061,39025,FALSE,39025,39061,1
655,800,30.655323771556297,18113,18183,FALSE,18113,18183,1
656,698,37.914316852886756,21211,21111,FALSE,21111,21211,1
656,415,51.16667061238723,21211,21029,FALSE,21029,21211,1
657,680,33.069562534142705,42001,42041,FALSE,42001,42041,1
658,573,44.36248962837283,47037,47189,FALSE,47037,47189,1
659,675,15.83082754245605,36047,36061,FALSE,36047,36061,1
664,843,53.51724730615551,18027,18093,FALSE,18027,18093,1
665,717,57.36762252647037,26055,26113,FALSE,26055,26113,1
666,879,99.32236017757113,29077,29029,FALSE,29029,29077,1
667,670,28.416795873317813,42077,42095,TRUE,42077,42095,1
668,791,36.90144639989947,36121,36051,FALSE,36051,36121,1
672,370,49.675962913681985,39029,39151,FALSE,39029,39151,1
673,750,50.589043831125004,12097,12009,FALSE,12009,12097,1
673,57,53.743075391062945,12097,12095,FALSE,12095,12097,1
675,854,12.711591191473179,36061,36005,FALSE,36005,36061,1
676,480,52.907766331172155,12083,12107,FALSE,12083,12107,1
676,272,54.25494863782527,12083,12119,FALSE,12083,12119,1
679,832,32.63173212665237,47117,47119,FALSE,47117,47119,1
681,442,36.31412508823374,42079,42025,FALSE,42025,42079,1
682,653,43.74894883650468,17097,17043,FALSE,17043,17097,1
683,777,33.028140251632045,13195,13157,FALSE,13157,13195,1
684,405,71.74675324904213,36013,36029,FALSE,36013,36029,1
686,799,30.99578581342453,39013,54069,FALSE,39013,54069,1
686,586,84.097299187514,39013,54049,FALSE,39013,54049,1
688,827,101.44962441967213,29035,05075,FALSE,05075,29035,1
688,769,104.91702261785218,29035,29187,FALSE,29035,29187,1
690,836,52.12804523573612,29031,17077,FALSE,17077,29031,1
690,420,69.77174191522231,29031,29186,FALSE,29031,29186,1
693,839,29.438250146532667,22095,22089,FALSE,22089,22095,1
693,401,32.02881174923842,22095,22093,FALSE,22093,22095,1
695,747,65.04767644553093,27091,27015,FALSE,27015,27091,1
695,752,79.53524366582425,27091,27103,FALSE,27091,27103,1
697,101,83.17293581455303,40077,40101,FALSE,40077,40101,1
697,13,84.32858543370283,40077,40135,FALSE,40077,40135,1
700,816,37.01461357039151,26111,26073,FALSE,26073,26111,1
702,319,36.5691186430849,18067,18023,FALSE,18023,18067,1
703,85,47.8999385055095,21047,21177,FALSE,21047,21177,1
705,138,132.45471458312178,06025,06073,FALSE,06025,06073,1
708,822,41.10710071751129,19087,19183,FALSE,19087,19183,1
708,737,66.05020727357726,19087,19139,FALSE,19087,19139,1
709,731,90.76705358568552,13253,13275,FALSE,13253,13275,1
711,472,94.13209012489561,40137,40027,FALSE,40027,40137,1
711,338,115.3851848664422,40137,40125,FALSE,40125,40137,1
712,40,84.30840663568983,17143,17113,FALSE,17113,17143,1
714,872,46.95299746092287,42003,42129,FALSE,42003,42129,1
715,749,34.38518421566446,39097,39049,FALSE,39049,39097,1
716,40,67.65761675709915,17019,17113,FALSE,17019,17113,1
718,124,86.14937154197445,48423,48203,FALSE,48203,48423,1
721,868,86.54173068620649,53025,53021,FALSE,53021,53025,1
721,525,109.64674684661978,53025,53005,FALSE,53005,53025,1
722,820,76.8479366000705,51147,51041,FALSE,51041,51147,1
723,861,113.62268477484153,48451,48441,FALSE,48441,48451,1
723,882,136.37032957899197,48451,48227,FALSE,48227,48451,1
725,865,38.044227513737695,41071,41067,FALSE,41067,41071,1
726,829,40.91725161266532,42075,42071,FALSE,42071,42075,1
732,815,32.03021737370653,13057,13117,FALSE,13057,13117,1
733,468,49.07218230342316,22101,22007,FALSE,22007,22101,1
736,839,46.14319718455199,22057,22089,FALSE,22057,22089,1
740,808,29.147929722759812,18177,18041,FALSE,18041,18177,1
741,558,111.81323644512813,20031,20037,FALSE,20031,20037,1
744,657,58.98519488827732,24043,42001,FALSE,24043,42001,1
745,648,38.28842027274762,34033,42045,FALSE,34033,42045,1
746,433,63.35822237545678,05125,05045,FALSE,05045,05125,1
747,752,40.78861130470217,27015,27103,TRUE,27015,27103,1
750,286,60.63742787863496,12009,12117,FALSE,12009,12117,1
752,191,65.18441880278276,27103,27139,FALSE,27103,27139,1
753,94,27.980537871539184,13217,13297,FALSE,13217,13297,1
754,83,51.41341481499443,47051,47003,FALSE,47003,47051,1
755,819,31.50042605932211,22063,22005,FALSE,22005,22063,1
756,834,58.451119138972835,25009,25021,FALSE,25009,25021,1
757,164,48.681844471292585,08035,08031,FALSE,08031,08035,1
758,817,40.869528482115754,45079,45017,FALSE,45017,45079,1
760,835,31.54765429156672,18133,18063,FALSE,18063,18133,1
760,310,38.739082073514055,18133,18119,FALSE,18119,18133,1
762,849,71.79917298084821,55043,19005,FALSE,19005,55043,1
764,789,30.696374611463124,37021,37089,FALSE,37021,37089,1
764,395,59.875855925579565,37021,37161,FALSE,37021,37161,1
766,814,31.51736670741715,13021,13207,FALSE,13021,13207,1
767,852,36.23284143680696,36087,36071,FALSE,36071,36087,1
767,854,36.942873623758004,36087,36005,FALSE,36005,36087,1
768,770,57.34202466950506,08041,08119,TRUE,08041,08119,1
768,785,64.92558331601896,08041,08039,FALSE,08039,08041,1
769,639,50.07026649134837,29187,29099,FALSE,29099,29187,1
770,757,55.43828632270307,08119,08035,FALSE,08035,08119,1
772,295,50.760107054857365,37157,37067,FALSE,37067,37157,1
775,587,41.72779580303812,10001,34011,FALSE,10001,34011,1
775,745,54.470428650004386,10001,34033,FALSE,10001,34033,1
777,304,26.81582135180958,13157,13059,FALSE,13059,13157,1
778,638,83.15334638107694,26029,26031,FALSE,26029,26031,1
779,863,34.856334518962214,39147,39175,FALSE,39147,39175,1
780,813,55.12691226627569,06081,06087,TRUE,06081,06087,1
781,7,41.9751853867085,39035,39085,FALSE,39035,39085,1
782,551,63.401964519862894,53035,53033,FALSE,53033,53035,1
783,378,42.823720689877455,17111,17089,FALSE,17089,17111,1
784,32,34.02829615880333,39165,39017,FALSE,39017,39165,1
785,805,41.114816874448046,08039,08005,FALSE,08005,08039,1
785,335,64.91671630976228,08039,08001,FALSE,08001,08039,1
786,803,40.134431377333364,39045,39089,FALSE,39045,39089,1
786,749,40.93577022687076,39045,39049,FALSE,39045,39049,1
788,803,35.09015798325864,39083,39089,FALSE,39083,39089,1
789,385,50.30723752701315,37089,45045,FALSE,37089,45045,1
790,750,67.60356822844031,12061,12009,FALSE,12009,12061,1
792,734,48.38789699358627,50001,50007,FALSE,50001,50007,1
792,329,76.14207808973788,50001,50015,FALSE,50001,50015,1
793,579,54.983945976264124,20103,29047,FALSE,20103,29047,1
796,473,55.12066798940726,36025,36105,FALSE,36025,36105,1
798,838,21.111429703361207,51199,51650,FALSE,51199,51650,1
799,714,68.04025553058102,54069,42003,FALSE,42003,54069,1
801,839,43.95937288684194,22071,22089,FALSE,22071,22089,1
809,1,152.90765620225446,31079,31109,FALSE,31079,31109,1
812,778,107.4817986648346,26041,26029,FALSE,26029,26041,1
815,410,31.065252214894084,13117,13135,FALSE,13117,13135,1
818,874,34.721599566437,18001,39107,FALSE,18001,39107,1
823,856,30.5681469618464,39153,39103,FALSE,39103,39153,1
824,246,169.38998306825832,48479,48273,FALSE,48273,48479,1
824,316,178.5327955438352,48479,48325,FALSE,48325,48479,1
826,102,50.93393832265254,28065,28073,FALSE,28065,28073,1
827,281,101.30844510540186,05075,05023,FALSE,05023,05075,1
828,848,52.92389098141833,53053,53067,TRUE,53053,53067,1
830,807,81.20382217482036,55057,55021,FALSE,55021,55057,1
831,293,76.55637950666132,01055,01121,FALSE,01055,01121,1
833,190,37.831934076057436,55133,55079,FALSE,55079,55133,1
834,853,41.650432272871704,25021,25023,TRUE,25021,25023,1
836,420,69.41796960149301,17077,29186,FALSE,17077,29186,1
837,148,65.38556042508341,45043,45015,FALSE,45015,45043,1
841,4,70.39894858103514,48219,48189,FALSE,48189,48219,1
843,751,35.81553382635873,18093,18105,FALSE,18093,18105,1
844,163,65.31608921891576,22011,22053,FALSE,22011,22053,1
845,698,53.57772587276563,21163,21111,FALSE,21111,21163,1
847,639,49.454754437590374,29510,29099,FALSE,29099,29510,1
852,473,52.40168788154379,36071,36105,FALSE,36071,36105,1
853,19,45.222096533505685,25023,25025,FALSE,25023,25025,1
854,636,21.600320476284327,36005,36081,FALSE,36005,36081,1
855,193,108.56387333463057,37055,37031,FALSE,37031,37055,1
855,259,128.60599040477814,37055,51550,FALSE,37055,51550,1
857,872,55.7438037038215,42005,42129,FALSE,42005,42129,1
858,587,44.753192363508006,34001,34011,FALSE,34001,34011,1
862,137,95.17363573559918,06079,06031,FALSE,06031,06079,1
866,565,24.944692056336624,51810,51710,FALSE,51710,51810,1
867,510,83.19085243389287,29013,29095,FALSE,29013,29095,1
869,129,74.14243373668391,20173,20035,FALSE,20035,20173,1
876,692,58.93329118931596,22041,22073,FALSE,22041,22073,1
876,414,76.66261195984163,22041,22067,FALSE,22041,22067,1
878,423,96.95577443787637,05057,48067,FALSE,05057,48067,1
879,228,67.85935219861506,29029,29051,FALSE,29029,29051,1
880,306,75.31826882418832,40047,40071,FALSE,40047,40071,1
880,25,94.4037933572428,40047,40017,FALSE,40017,40047,1
38,39,45.15063150649073,18069,18003,TRUE,18003,18069,1
237,244,43.2558671838622,24009,24019,TRUE,24009,24019,1
271,272,62.38120551679606,12101,12119,TRUE,12101,12119,1
536,537,101.14924359391892,22051,22103,TRUE,22051,22103,1
556,568,64.72650395411607,06077,06001,TRUE,06001,06077,1
626,633,67.77301899697068,22013,22015,TRUE,22013,22015,1
757,768,65.193097728841,08035,08041,TRUE,08035,08041,1
774,779,44.71837469825652,39077,39147,TRUE,39077,39147,1
776,779,49.26726188568562,39173,39147,TRUE,39147,39173,1
782,828,75.34067234007965,53035,53053,TRUE,53035,53053,1
